Area No.,Yearly Average
I,3.4698147005772007
III,6.758865056818181
IV,4.177885984848484
IX,6.457327125420876
V,6.37048488761709
VI,7.747849921630094
VII,5.530547222222222
VIII,4.65184595959596
X,5.300964370265151
XI,3.159856789044289
XII,4.118906619385343
XIII,2.502468177655678
XIV,3.6962033402203858
XV,3.498714436026936
