Area No.,Mean Yearly Average
I,3.469814701
III,6.758865057
IV,4.177885985
IX,6.457327125
V,6.370484888
VI,7.747849922
VII,5.530547222
VIII,4.65184596
X,5.30096437
XI,3.159856789
XII,4.118906619
XIII,2.502468178
XIV,3.69620334
XV,3.498714436
